OrderID,OrderDate,ProductID,ProductName,Category,Quantity,UnitPrice,Discount,Revenue,CustomerID,Country,Channel
ORD10001,2025-01-29,P002,Portable Charger,Electronics,1,60.7,0.05,57.66,C0007,UK,Paid Social
ORD10002,2025-10-02,P004,Yoga Mat,Sports,1,26.15,0.0,26.15,C0036,India,Organic
ORD10003,2025-07-16,P010,Backpack,Accessories,1,56.33,0.05,53.51,C0109,India,Organic
ORD10004,2025-02-02,P002,Portable Charger,Electronics,1,40.48,0.1,36.43,C0056,USA,Organic
ORD10005,2024-12-29,P009,Smartwatch,Electronics,2,62.81,0.0,125.62,C0051,Australia,Affiliate
ORD10006,2025-04-25,P004,Yoga Mat,Sports,1,23.77,0.0,23.77,C0115,Australia,Email
ORD10007,2024-11-08,P001,Wireless Earbuds,Electronics,1,54.11,0.0,54.11,C0041,Canada,Email
ORD10008,2025-01-29,P005,Running Shoes,Footwear,1,58.5,0.0,58.5,C0040,USA,Email
ORD10009,2025-02-17,P002,Portable Charger,Electronics,2,68.13,0.0,136.26,C0024,Canada,Organic
ORD10010,2025-05-21,P006,T-Shirt,Apparel,1,26.3,0.0,26.3,C0089,Australia,Email
ORD10011,2025-09-14,P001,Wireless Earbuds,Electronics,1,59.79,0.0,59.79,C0118,Australia,Organic
ORD10012,2025-01-14,P007,Coffee Maker,Home,1,26.17,0.0,26.17,C0021,Australia,Email
ORD10013,2025-01-26,P010,Backpack,Accessories,2,32.82,0.0,65.64,C0093,Australia,Paid Social
ORD10014,2025-10-13,P002,Portable Charger,Electronics,1,70.99,0.0,70.99,C0012,USA,Email
ORD10015,2025-03-19,P002,Portable Charger,Electronics,2,73.05,0.0,146.1,C0060,India,Affiliate
ORD10016,2025-02-26,P005,Running Shoes,Footwear,2,50.21,0.0,100.42,C0117,UK,Paid Social
ORD10017,2025-03-17,P006,T-Shirt,Apparel,1,23.24,0.1,20.92,C0091,USA,Email
ORD10018,2025-08-23,P002,Portable Charger,Electronics,1,58.7,0.0,58.7,C0044,Australia,Paid Social
ORD10019,2025-07-03,P003,Water Bottle,Home,1,14.94,0.0,14.94,C0119,Canada,Email
ORD10020,2025-09-27,P009,Smartwatch,Electronics,1,47.86,0.0,47.86,C0057,UK,Organic
ORD10021,2025-08-08,P004,Yoga Mat,Sports,1,29.88,0.0,29.88,C0009,UK,Affiliate
ORD10022,2025-04-28,P005,Running Shoes,Footwear,1,41.03,0.0,41.03,C0017,USA,Email
ORD10023,2025-07-22,P004,Yoga Mat,Sports,2,21.75,0.0,43.5,C0128,Canada,Affiliate
ORD10024,2025-03-28,P003,Water Bottle,Home,1,21.79,0.0,21.79,C0068,USA,Paid Social
ORD10025,2025-08-28,P009,Smartwatch,Electronics,1,62.45,0.0,62.45,C0138,UK,Affiliate
ORD10026,2024-11-09,P010,Backpack,Accessories,1,29.93,0.0,29.93,C0103,UK,Paid Social
ORD10027,2025-06-28,P003,Water Bottle,Home,1,10.52,0.0,10.52,C0131,Canada,Organic
ORD10028,2025-06-11,P001,Wireless Earbuds,Electronics,2,45.93,0.1,82.67,C0029,USA,Paid Social
ORD10029,2025-09-28,P007,Coffee Maker,Home,1,17.82,0.0,17.82,C0017,Canada,Affiliate
ORD10030,2024-12-06,P010,Backpack,Accessories,1,32.87,0.0,32.87,C0120,Australia,Email
ORD10031,2024-12-16,P009,Smartwatch,Electronics,2,59.81,0.0,119.62,C0003,India,Email
ORD10032,2025-04-06,P006,T-Shirt,Apparel,1,9.97,0.0,9.97,C0029,UK,Affiliate
ORD10033,2025-04-24,P003,Water Bottle,Home,1,28.23,0.0,28.23,C0117,India,Email
ORD10034,2025-07-16,P009,Smartwatch,Electronics,1,51.73,0.1,46.56,C0046,Australia,Organic
ORD10035,2025-04-26,P005,Running Shoes,Footwear,1,56.9,0.0,56.9,C0130,Australia,Paid Social
ORD10036,2025-04-11,P003,Water Bottle,Home,3,20.99,0.0,62.97,C0096,USA,Organic
ORD10037,2024-12-08,P010,Backpack,Accessories,3,37.24,0.0,111.72,C0083,Canada,Organic
ORD10038,2025-10-17,P002,Portable Charger,Electronics,1,60.13,0.1,54.12,C0093,UK,Paid Social
ORD10039,2024-12-12,P001,Wireless Earbuds,Electronics,1,74.51,0.0,74.51,C0062,Australia,Organic
ORD10040,2025-06-19,P002,Portable Charger,Electronics,1,69.59,0.0,69.59,C0125,India,Paid Social
ORD10041,2025-09-03,P003,Water Bottle,Home,2,46.9,0.0,93.8,C0122,Australia,Paid Social
ORD10042,2025-02-26,P005,Running Shoes,Footwear,1,41.92,0.0,41.92,C0136,Australia,Affiliate
ORD10043,2025-08-21,P004,Yoga Mat,Sports,1,22.41,0.1,20.17,C0139,USA,Email
ORD10044,2025-03-02,P007,Coffee Maker,Home,3,26.5,0.0,79.5,C0096,Canada,Affiliate
ORD10045,2024-11-08,P002,Portable Charger,Electronics,1,69.5,0.0,69.5,C0064,USA,Organic
ORD10046,2025-09-12,P006,T-Shirt,Apparel,1,14.23,0.05,13.52,C0006,Australia,Paid Social
ORD10047,2025-04-03,P010,Backpack,Accessories,1,21.8,0.05,20.71,C0057,India,Organic
ORD10048,2025-07-19,P001,Wireless Earbuds,Electronics,2,78.31,0.0,156.62,C0059,India,Organic
ORD10049,2025-01-15,P006,T-Shirt,Apparel,1,31.79,0.1,28.61,C0019,Australia,Paid Social
ORD10050,2025-08-30,P005,Running Shoes,Footwear,1,45.31,0.0,45.31,C0125,USA,Paid Social
ORD10051,2024-11-01,P010,Backpack,Accessories,1,33.85,0.0,33.85,C0148,Canada,Paid Social
ORD10052,2025-06-17,P008,Blender,Home,1,37.38,0.0,37.38,C0105,USA,Organic
ORD10053,2025-07-10,P002,Portable Charger,Electronics,2,60.05,0.0,120.1,C0111,UK,Affiliate
ORD10054,2025-09-29,P007,Coffee Maker,Home,2,25.47,0.0,50.94,C0120,India,Organic
ORD10055,2024-12-10,P001,Wireless Earbuds,Electronics,1,49.32,0.1,44.39,C0104,UK,Organic
ORD10056,2025-09-23,P004,Yoga Mat,Sports,1,28.58,0.0,28.58,C0050,USA,Affiliate
ORD10057,2025-01-18,P003,Water Bottle,Home,1,9.66,0.0,9.66,C0109,USA,Email
ORD10058,2025-07-09,P008,Blender,Home,1,37.78,0.0,37.78,C0064,India,Affiliate
ORD10059,2024-11-22,P009,Smartwatch,Electronics,1,71.79,0.0,71.79,C0026,India,Organic
ORD10060,2025-05-12,P002,Portable Charger,Electronics,1,60.68,0.05,57.65,C0061,USA,Affiliate
ORD10061,2025-01-07,P008,Blender,Home,1,31.45,0.0,31.45,C0124,USA,Affiliate
ORD10062,2024-12-07,P001,Wireless Earbuds,Electronics,1,73.69,0.0,73.69,C0043,Canada,Organic
ORD10063,2025-10-13,P007,Coffee Maker,Home,1,35.58,0.0,35.58,C0068,Canada,Email
ORD10064,2024-10-20,P007,Coffee Maker,Home,1,7.41,0.05,7.04,C0143,Canada,Paid Social
ORD10065,2024-12-11,P004,Yoga Mat,Sports,1,45.02,0.0,45.02,C0076,USA,Organic
ORD10066,2025-02-01,P010,Backpack,Accessories,1,35.74,0.05,33.95,C0139,India,Email
ORD10067,2025-07-05,P001,Wireless Earbuds,Electronics,2,42.97,0.0,85.94,C0013,Australia,Affiliate
ORD10068,2025-08-24,P009,Smartwatch,Electronics,3,59.44,0.0,178.32,C0136,USA,Organic
ORD10069,2025-04-27,P009,Smartwatch,Electronics,1,46.96,0.0,46.96,C0021,USA,Organic
ORD10070,2025-05-24,P010,Backpack,Accessories,1,41.7,0.0,41.7,C0018,USA,Affiliate
ORD10071,2024-12-01,P002,Portable Charger,Electronics,1,63.67,0.0,63.67,C0146,USA,Organic
ORD10072,2025-03-29,P010,Backpack,Accessories,1,25.6,0.05,24.32,C0021,Canada,Email
ORD10073,2025-05-08,P005,Running Shoes,Footwear,1,40.14,0.0,40.14,C0053,UK,Paid Social
ORD10074,2025-07-15,P005,Running Shoes,Footwear,1,55.04,0.0,55.04,C0102,USA,Email
ORD10075,2025-10-04,P008,Blender,Home,1,23.93,0.0,23.93,C0081,India,Organic
ORD10076,2025-08-18,P008,Blender,Home,1,14.65,0.0,14.65,C0145,India,Organic
ORD10077,2025-07-16,P009,Smartwatch,Electronics,1,53.0,0.05,50.35,C0055,Australia,Email
ORD10078,2025-05-21,P003,Water Bottle,Home,2,27.14,0.0,54.28,C0090,India,Paid Social
ORD10079,2025-06-27,P006,T-Shirt,Apparel,1,26.14,0.0,26.14,C0073,USA,Affiliate
ORD10080,2025-04-26,P009,Smartwatch,Electronics,1,67.58,0.0,67.58,C0078,Australia,Organic
ORD10081,2025-08-10,P009,Smartwatch,Electronics,1,44.85,0.0,44.85,C0077,India,Paid Social
ORD10082,2025-05-19,P005,Running Shoes,Footwear,1,63.67,0.0,63.67,C0030,India,Paid Social
ORD10083,2025-05-14,P005,Running Shoes,Footwear,1,55.77,0.0,55.77,C0073,Australia,Paid Social
ORD10084,2025-06-12,P006,T-Shirt,Apparel,1,23.11,0.0,23.11,C0053,UK,Affiliate
ORD10085,2025-09-21,P005,Running Shoes,Footwear,1,33.94,0.0,33.94,C0014,India,Affiliate
ORD10086,2024-12-10,P005,Running Shoes,Footwear,1,52.03,0.0,52.03,C0012,India,Email
ORD10087,2025-07-25,P003,Water Bottle,Home,1,18.53,0.0,18.53,C0068,USA,Affiliate
ORD10088,2025-05-23,P009,Smartwatch,Electronics,2,49.18,0.0,98.36,C0110,Australia,Organic
ORD10089,2025-06-27,P002,Portable Charger,Electronics,1,59.92,0.0,59.92,C0020,USA,Organic
ORD10090,2025-04-24,P006,T-Shirt,Apparel,1,34.8,0.0,34.8,C0150,Australia,Paid Social
ORD10091,2024-11-28,P007,Coffee Maker,Home,1,14.63,0.0,14.63,C0033,India,Email
ORD10092,2025-03-24,P006,T-Shirt,Apparel,1,18.1,0.0,18.1,C0011,UK,Paid Social
ORD10093,2024-11-02,P004,Yoga Mat,Sports,1,16.01,0.0,16.01,C0027,UK,Affiliate
ORD10094,2025-08-15,P010,Backpack,Accessories,1,40.63,0.0,40.63,C0040,USA,Paid Social
ORD10095,2024-12-22,P003,Water Bottle,Home,1,19.08,0.0,19.08,C0106,India,Paid Social
ORD10096,2025-09-28,P006,T-Shirt,Apparel,2,11.36,0.0,22.72,C0106,USA,Email
ORD10097,2025-09-10,P003,Water Bottle,Home,1,27.7,0.0,27.7,C0028,Canada,Organic
ORD10098,2024-10-27,P008,Blender,Home,1,24.5,0.1,22.05,C0057,USA,Affiliate
ORD10099,2025-09-27,P006,T-Shirt,Apparel,2,14.23,0.0,28.46,C0079,USA,Paid Social
ORD10100,2025-02-24,P001,Wireless Earbuds,Electronics,1,67.55,0.05,64.17,C0050,Canada,Email
ORD10101,2025-03-03,P005,Running Shoes,Footwear,1,33.31,0.0,33.31,C0018,UK,Email
ORD10102,2024-12-20,P009,Smartwatch,Electronics,1,65.43,0.0,65.43,C0103,Australia,Email
ORD10103,2025-03-06,P001,Wireless Earbuds,Electronics,1,43.72,0.0,43.72,C0030,UK,Paid Social
ORD10104,2025-01-07,P010,Backpack,Accessories,1,35.48,0.0,35.48,C0068,India,Organic
ORD10105,2025-03-30,P010,Backpack,Accessories,1,34.34,0.0,34.34,C0112,UK,Email
ORD10106,2025-08-03,P007,Coffee Maker,Home,1,12.89,0.0,12.89,C0131,India,Affiliate
ORD10107,2025-07-06,P010,Backpack,Accessories,1,45.06,0.0,45.06,C0049,UK,Organic
ORD10108,2025-06-06,P007,Coffee Maker,Home,1,19.23,0.0,19.23,C0001,Australia,Paid Social
ORD10109,2024-11-28,P006,T-Shirt,Apparel,1,9.31,0.0,9.31,C0085,Australia,Email
ORD10110,2024-11-15,P002,Portable Charger,Electronics,2,52.03,0.0,104.06,C0077,Australia,Email
ORD10111,2025-03-02,P007,Coffee Maker,Home,3,28.71,0.05,81.82,C0084,Canada,Email
ORD10112,2025-05-07,P009,Smartwatch,Electronics,1,53.96,0.0,53.96,C0033,USA,Affiliate
ORD10113,2025-09-11,P007,Coffee Maker,Home,1,36.68,0.0,36.68,C0045,Australia,Email
ORD10114,2025-07-13,P007,Coffee Maker,Home,1,27.54,0.0,27.54,C0141,India,Email
ORD10115,2024-11-20,P005,Running Shoes,Footwear,1,53.94,0.0,53.94,C0054,Canada,Email
ORD10116,2024-12-05,P008,Blender,Home,1,20.79,0.0,20.79,C0114,Canada,Paid Social
ORD10117,2024-12-19,P009,Smartwatch,Electronics,2,72.01,0.0,144.02,C0122,USA,Organic
ORD10118,2025-05-22,P005,Running Shoes,Footwear,1,45.92,0.0,45.92,C0132,Australia,Email
ORD10119,2025-08-07,P002,Portable Charger,Electronics,1,60.18,0.0,60.18,C0061,UK,Paid Social
ORD10120,2025-01-25,P004,Yoga Mat,Sports,2,46.76,0.0,93.52,C0038,India,Organic
ORD10121,2025-04-08,P004,Yoga Mat,Sports,1,32.36,0.0,32.36,C0122,Australia,Organic
ORD10122,2025-10-13,P008,Blender,Home,2,32.71,0.0,65.42,C0107,Australia,Paid Social
ORD10123,2025-05-20,P007,Coffee Maker,Home,1,28.38,0.0,28.38,C0127,Canada,Paid Social
ORD10124,2024-11-22,P003,Water Bottle,Home,1,20.85,0.05,19.81,C0002,India,Affiliate
ORD10125,2025-06-02,P004,Yoga Mat,Sports,1,25.41,0.0,25.41,C0046,Australia,Affiliate
ORD10126,2025-01-27,P001,Wireless Earbuds,Electronics,1,51.5,0.0,51.5,C0143,USA,Organic
ORD10127,2025-02-26,P008,Blender,Home,1,29.79,0.0,29.79,C0035,Canada,Email
ORD10128,2025-07-02,P008,Blender,Home,1,28.34,0.0,28.34,C0130,Canada,Affiliate
ORD10129,2024-10-23,P003,Water Bottle,Home,1,22.3,0.0,22.3,C0122,Canada,Email
ORD10130,2025-05-24,P004,Yoga Mat,Sports,1,20.21,0.0,20.21,C0071,Australia,Affiliate
ORD10131,2025-06-30,P004,Yoga Mat,Sports,1,38.7,0.0,38.7,C0071,Canada,Organic
ORD10132,2025-10-12,P005,Running Shoes,Footwear,1,63.56,0.0,63.56,C0061,UK,Email
ORD10133,2025-07-28,P006,T-Shirt,Apparel,1,13.93,0.0,13.93,C0021,USA,Paid Social
ORD10134,2025-05-13,P004,Yoga Mat,Sports,2,44.96,0.0,89.92,C0099,USA,Paid Social
ORD10135,2024-11-02,P002,Portable Charger,Electronics,1,84.46,0.0,84.46,C0107,Canada,Email
ORD10136,2025-09-29,P009,Smartwatch,Electronics,2,61.29,0.05,116.45,C0120,Canada,Organic
ORD10137,2024-11-29,P004,Yoga Mat,Sports,1,34.81,0.0,34.81,C0108,Canada,Organic
ORD10138,2025-04-15,P010,Backpack,Accessories,1,37.24,0.0,37.24,C0098,Canada,Organic
ORD10139,2024-12-20,P006,T-Shirt,Apparel,1,35.93,0.05,34.13,C0077,Canada,Affiliate
ORD10140,2025-10-05,P009,Smartwatch,Electronics,2,54.89,0.0,109.78,C0140,Australia,Paid Social
ORD10141,2025-06-06,P008,Blender,Home,1,25.56,0.0,25.56,C0057,UK,Affiliate
ORD10142,2025-06-16,P008,Blender,Home,1,35.94,0.0,35.94,C0008,Canada,Email
ORD10143,2024-12-09,P007,Coffee Maker,Home,1,14.88,0.0,14.88,C0043,Canada,Paid Social
ORD10144,2025-01-22,P010,Backpack,Accessories,2,18.45,0.0,36.9,C0137,India,Affiliate
ORD10145,2025-05-28,P010,Backpack,Accessories,1,31.64,0.0,31.64,C0145,India,Organic
ORD10146,2025-06-06,P007,Coffee Maker,Home,1,41.69,0.0,41.69,C0035,Canada,Paid Social
ORD10147,2025-06-12,P001,Wireless Earbuds,Electronics,1,33.03,0.05,31.38,C0067,Canada,Email
ORD10148,2025-03-10,P004,Yoga Mat,Sports,1,29.46,0.0,29.46,C0117,UK,Email
ORD10149,2025-04-07,P007,Coffee Maker,Home,1,22.31,0.0,22.31,C0072,Canada,Email
ORD10150,2024-11-16,P002,Portable Charger,Electronics,3,48.93,0.0,146.79,C0121,India,Organic
ORD10151,2024-11-23,P006,T-Shirt,Apparel,1,20.14,0.0,20.14,C0058,India,Organic
ORD10152,2024-10-31,P001,Wireless Earbuds,Electronics,2,59.76,0.0,119.52,C0064,USA,Organic
ORD10153,2025-03-27,P010,Backpack,Accessories,1,34.67,0.0,34.67,C0040,USA,Paid Social
ORD10154,2025-09-10,P008,Blender,Home,1,19.57,0.0,19.57,C0030,Australia,Paid Social
ORD10155,2025-04-23,P008,Blender,Home,1,11.99,0.0,11.99,C0095,USA,Organic
ORD10156,2025-06-18,P003,Water Bottle,Home,1,35.92,0.0,35.92,C0080,India,Organic
ORD10157,2025-01-12,P005,Running Shoes,Footwear,1,35.92,0.0,35.92,C0148,Canada,Affiliate
ORD10158,2025-07-29,P004,Yoga Mat,Sports,1,22.22,0.0,22.22,C0020,Australia,Paid Social
ORD10159,2024-12-23,P002,Portable Charger,Electronics,1,69.36,0.0,69.36,C0078,Australia,Organic
ORD10160,2025-04-06,P010,Backpack,Accessories,1,47.72,0.0,47.72,C0011,UK,Affiliate
ORD10161,2024-12-02,P006,T-Shirt,Apparel,1,14.75,0.0,14.75,C0018,Australia,Email
ORD10162,2024-12-19,P001,Wireless Earbuds,Electronics,1,64.89,0.0,64.89,C0108,Canada,Organic
ORD10163,2025-03-01,P007,Coffee Maker,Home,1,32.11,0.0,32.11,C0093,Canada,Paid Social
ORD10164,2025-07-29,P007,Coffee Maker,Home,1,29.44,0.0,29.44,C0046,Australia,Email
ORD10165,2024-11-15,P010,Backpack,Accessories,1,40.93,0.0,40.93,C0138,Canada,Affiliate
ORD10166,2025-02-03,P007,Coffee Maker,Home,1,21.9,0.0,21.9,C0069,UK,Paid Social
ORD10167,2024-12-01,P002,Portable Charger,Electronics,1,63.26,0.0,63.26,C0072,Canada,Paid Social
ORD10168,2025-09-23,P008,Blender,Home,2,12.49,0.0,24.98,C0146,Australia,Affiliate
ORD10169,2025-07-31,P006,T-Shirt,Apparel,1,12.96,0.0,12.96,C0008,Canada,Email
ORD10170,2025-09-14,P003,Water Bottle,Home,1,10.92,0.0,10.92,C0125,USA,Email
ORD10171,2025-02-23,P005,Running Shoes,Footwear,1,29.18,0.0,29.18,C0088,UK,Email
ORD10172,2025-10-01,P009,Smartwatch,Electronics,2,76.96,0.0,153.92,C0003,Australia,Paid Social
ORD10173,2025-06-06,P002,Portable Charger,Electronics,1,59.62,0.05,56.64,C0062,Canada,Affiliate
ORD10174,2025-04-26,P009,Smartwatch,Electronics,1,71.03,0.0,71.03,C0062,Canada,Affiliate
ORD10175,2025-05-31,P008,Blender,Home,1,28.08,0.0,28.08,C0005,India,Email
ORD10176,2025-07-28,P004,Yoga Mat,Sports,1,12.9,0.0,12.9,C0104,USA,Email
ORD10177,2025-02-16,P010,Backpack,Accessories,1,35.18,0.0,35.18,C0095,Canada,Email
ORD10178,2025-02-11,P007,Coffee Maker,Home,1,28.48,0.0,28.48,C0141,UK,Email
ORD10179,2025-06-08,P008,Blender,Home,2,26.96,0.0,53.92,C0070,UK,Email
ORD10180,2025-07-04,P004,Yoga Mat,Sports,1,20.22,0.0,20.22,C0031,USA,Email
ORD10181,2025-10-12,P002,Portable Charger,Electronics,1,62.56,0.0,62.56,C0138,USA,Paid Social
ORD10182,2025-05-04,P004,Yoga Mat,Sports,1,39.83,0.0,39.83,C0124,UK,Email
ORD10183,2025-03-04,P002,Portable Charger,Electronics,2,41.59,0.0,83.18,C0050,UK,Paid Social
ORD10184,2025-09-01,P006,T-Shirt,Apparel,1,7.2,0.0,7.2,C0046,UK,Organic
ORD10185,2025-04-01,P009,Smartwatch,Electronics,1,61.87,0.0,61.87,C0033,UK,Organic
ORD10186,2025-05-31,P001,Wireless Earbuds,Electronics,1,52.45,0.0,52.45,C0142,UK,Paid Social
ORD10187,2025-08-21,P008,Blender,Home,1,15.24,0.0,15.24,C0027,India,Email
ORD10188,2025-06-09,P008,Blender,Home,1,35.54,0.0,35.54,C0123,Canada,Email
ORD10189,2025-04-08,P003,Water Bottle,Home,2,16.42,0.0,32.84,C0014,UK,Affiliate
ORD10190,2025-03-19,P002,Portable Charger,Electronics,1,67.0,0.0,67.0,C0017,Canada,Affiliate
ORD10191,2025-08-29,P002,Portable Charger,Electronics,1,85.6,0.0,85.6,C0148,India,Paid Social
ORD10192,2025-03-27,P003,Water Bottle,Home,1,24.04,0.0,24.04,C0145,UK,Organic
ORD10193,2025-01-22,P004,Yoga Mat,Sports,1,29.65,0.0,29.65,C0031,Australia,Affiliate
ORD10194,2025-06-08,P010,Backpack,Accessories,1,52.71,0.0,52.71,C0058,Australia,Affiliate
ORD10195,2025-04-16,P008,Blender,Home,1,31.32,0.0,31.32,C0114,UK,Affiliate
ORD10196,2025-02-08,P005,Running Shoes,Footwear,1,59.73,0.0,59.73,C0146,Australia,Organic
ORD10197,2025-09-01,P010,Backpack,Accessories,1,34.26,0.0,34.26,C0026,USA,Paid Social
ORD10198,2024-12-09,P005,Running Shoes,Footwear,1,56.21,0.05,53.4,C0021,USA,Paid Social
ORD10199,2025-07-13,P003,Water Bottle,Home,1,30.6,0.0,30.6,C0142,India,Paid Social
ORD10200,2025-08-09,P001,Wireless Earbuds,Electronics,1,70.81,0.0,70.81,C0105,Canada,Affiliate
ORD10201,2025-02-08,P005,Running Shoes,Footwear,1,54.3,0.0,54.3,C0009,USA,Email
ORD10202,2025-01-27,P005,Running Shoes,Footwear,1,52.08,0.05,49.48,C0117,India,Paid Social
ORD10203,2025-02-08,P005,Running Shoes,Footwear,1,39.19,0.05,37.23,C0051,Canada,Organic
ORD10204,2025-01-07,P009,Smartwatch,Electronics,3,70.53,0.05,201.01,C0058,USA,Email
ORD10205,2025-04-23,P003,Water Bottle,Home,1,25.28,0.0,25.28,C0019,India,Paid Social
ORD10206,2025-02-08,P005,Running Shoes,Footwear,1,50.3,0.0,50.3,C0146,UK,Affiliate
ORD10207,2024-10-20,P002,Portable Charger,Electronics,1,55.66,0.0,55.66,C0120,UK,Affiliate
ORD10208,2025-02-25,P005,Running Shoes,Footwear,1,46.91,0.0,46.91,C0129,Australia,Affiliate
ORD10209,2025-05-26,P008,Blender,Home,1,23.13,0.0,23.13,C0021,Australia,Organic
ORD10210,2024-12-11,P007,Coffee Maker,Home,1,20.6,0.0,20.6,C0083,Australia,Email
ORD10211,2025-09-26,P001,Wireless Earbuds,Electronics,1,62.67,0.0,62.67,C0024,USA,Organic
ORD10212,2025-05-30,P005,Running Shoes,Footwear,1,58.9,0.05,55.95,C0148,India,Paid Social
ORD10213,2025-05-31,P008,Blender,Home,1,25.82,0.05,24.53,C0133,Canada,Email
ORD10214,2025-02-21,P003,Water Bottle,Home,1,35.65,0.1,32.09,C0150,Canada,Affiliate
ORD10215,2025-02-25,P002,Portable Charger,Electronics,1,54.83,0.0,54.83,C0121,UK,Affiliate
ORD10216,2024-12-10,P006,T-Shirt,Apparel,1,34.09,0.05,32.39,C0083,India,Paid Social
ORD10217,2025-04-08,P006,T-Shirt,Apparel,3,15.54,0.0,46.62,C0106,Canada,Email
ORD10218,2025-05-24,P007,Coffee Maker,Home,1,39.53,0.0,39.53,C0141,India,Affiliate
ORD10219,2025-03-27,P002,Portable Charger,Electronics,1,46.56,0.0,46.56,C0081,UK,Email
ORD10220,2025-05-04,P002,Portable Charger,Electronics,1,50.81,0.0,50.81,C0104,Australia,Organic
ORD10221,2025-06-22,P009,Smartwatch,Electronics,1,59.65,0.0,59.65,C0119,Canada,Organic
ORD10222,2025-09-07,P004,Yoga Mat,Sports,1,32.34,0.0,32.34,C0133,UK,Affiliate
ORD10223,2025-05-09,P008,Blender,Home,2,34.84,0.05,66.2,C0014,USA,Email
ORD10224,2025-04-20,P009,Smartwatch,Electronics,1,57.86,0.0,57.86,C0034,UK,Affiliate
ORD10225,2025-02-18,P008,Blender,Home,1,26.66,0.0,26.66,C0032,India,Paid Social
ORD10226,2025-06-30,P003,Water Bottle,Home,1,29.92,0.0,29.92,C0080,Australia,Organic
ORD10227,2025-08-08,P009,Smartwatch,Electronics,1,53.77,0.0,53.77,C0105,India,Paid Social
ORD10228,2025-07-25,P002,Portable Charger,Electronics,1,54.45,0.0,54.45,C0119,India,Paid Social
ORD10229,2025-09-08,P008,Blender,Home,3,39.21,0.0,117.63,C0075,Australia,Email
ORD10230,2025-01-24,P007,Coffee Maker,Home,1,19.29,0.0,19.29,C0124,Canada,Paid Social
ORD10231,2025-05-04,P008,Blender,Home,1,27.03,0.0,27.03,C0142,USA,Affiliate
ORD10232,2025-06-15,P004,Yoga Mat,Sports,1,14.84,0.0,14.84,C0131,USA,Organic
ORD10233,2025-03-11,P005,Running Shoes,Footwear,2,43.87,0.05,83.35,C0107,UK,Email
ORD10234,2025-01-23,P001,Wireless Earbuds,Electronics,3,56.12,0.05,159.94,C0073,UK,Affiliate
ORD10235,2025-05-07,P003,Water Bottle,Home,1,31.59,0.0,31.59,C0115,Australia,Affiliate
ORD10236,2025-02-19,P006,T-Shirt,Apparel,1,40.1,0.0,40.1,C0086,Australia,Affiliate
ORD10237,2025-04-23,P008,Blender,Home,1,24.67,0.0,24.67,C0083,USA,Paid Social
ORD10238,2025-09-09,P010,Backpack,Accessories,1,52.95,0.0,52.95,C0099,USA,Affiliate
ORD10239,2025-10-02,P001,Wireless Earbuds,Electronics,1,59.84,0.0,59.84,C0082,Canada,Affiliate
ORD10240,2025-07-04,P007,Coffee Maker,Home,1,36.88,0.0,36.88,C0039,Canada,Organic
ORD10241,2025-03-15,P003,Water Bottle,Home,1,31.82,0.0,31.82,C0129,Australia,Email
ORD10242,2025-06-27,P002,Portable Charger,Electronics,2,78.47,0.0,156.94,C0113,India,Affiliate
ORD10243,2025-09-29,P001,Wireless Earbuds,Electronics,1,68.2,0.0,68.2,C0037,Canada,Paid Social
ORD10244,2025-03-14,P002,Portable Charger,Electronics,1,65.07,0.0,65.07,C0121,UK,Email
ORD10245,2025-03-15,P010,Backpack,Accessories,1,33.33,0.0,33.33,C0102,India,Email
ORD10246,2025-10-05,P009,Smartwatch,Electronics,1,61.47,0.0,61.47,C0098,UK,Affiliate
ORD10247,2025-05-05,P009,Smartwatch,Electronics,1,60.29,0.0,60.29,C0010,Australia,Organic
ORD10248,2025-08-22,P004,Yoga Mat,Sports,1,42.78,0.0,42.78,C0074,USA,Organic
ORD10249,2025-02-23,P007,Coffee Maker,Home,3,11.4,0.0,34.2,C0026,India,Affiliate
ORD10250,2024-11-26,P003,Water Bottle,Home,1,32.46,0.0,32.46,C0077,India,Organic
ORD10251,2025-09-21,P006,T-Shirt,Apparel,1,22.49,0.1,20.24,C0015,UK,Email
ORD10252,2025-10-13,P006,T-Shirt,Apparel,1,35.77,0.0,35.77,C0111,USA,Paid Social
ORD10253,2025-02-24,P009,Smartwatch,Electronics,2,55.54,0.0,111.08,C0106,Australia,Paid Social
ORD10254,2025-07-12,P003,Water Bottle,Home,1,26.94,0.0,26.94,C0045,India,Affiliate
ORD10255,2025-03-18,P010,Backpack,Accessories,1,46.95,0.0,46.95,C0062,Canada,Paid Social
ORD10256,2025-08-12,P004,Yoga Mat,Sports,2,14.77,0.1,26.59,C0119,UK,Affiliate
ORD10257,2025-01-25,P005,Running Shoes,Footwear,3,44.41,0.0,133.23,C0003,Canada,Email
ORD10258,2025-07-08,P009,Smartwatch,Electronics,1,63.77,0.0,63.77,C0041,India,Affiliate
ORD10259,2025-06-27,P006,T-Shirt,Apparel,1,35.66,0.0,35.66,C0077,Canada,Email
ORD10260,2025-03-11,P008,Blender,Home,1,24.34,0.0,24.34,C0078,USA,Affiliate
ORD10261,2025-09-29,P008,Blender,Home,3,10.52,0.0,31.56,C0028,USA,Affiliate
ORD10262,2025-02-07,P010,Backpack,Accessories,1,13.01,0.0,13.01,C0092,Australia,Email
ORD10263,2024-12-17,P005,Running Shoes,Footwear,1,52.44,0.0,52.44,C0006,Canada,Email
ORD10264,2024-10-20,P001,Wireless Earbuds,Electronics,1,54.36,0.1,48.92,C0145,India,Affiliate
ORD10265,2025-08-18,P005,Running Shoes,Footwear,1,56.5,0.0,56.5,C0059,Australia,Email
ORD10266,2025-06-29,P004,Yoga Mat,Sports,1,29.01,0.0,29.01,C0049,Australia,Email
ORD10267,2025-03-07,P003,Water Bottle,Home,1,24.54,0.05,23.31,C0025,India,Email
ORD10268,2024-11-24,P008,Blender,Home,1,27.43,0.0,27.43,C0009,Australia,Email
ORD10269,2025-03-27,P003,Water Bottle,Home,1,12.48,0.05,11.86,C0024,UK,Email
ORD10270,2024-10-27,P007,Coffee Maker,Home,1,39.44,0.1,35.5,C0045,USA,Paid Social
ORD10271,2025-06-08,P009,Smartwatch,Electronics,1,63.43,0.0,63.43,C0094,Australia,Email
ORD10272,2025-01-25,P003,Water Bottle,Home,1,29.57,0.0,29.57,C0066,Canada,Email
ORD10273,2025-03-14,P006,T-Shirt,Apparel,1,21.97,0.0,21.97,C0030,Canada,Organic
ORD10274,2025-08-18,P003,Water Bottle,Home,1,32.09,0.0,32.09,C0058,Canada,Email
ORD10275,2025-05-14,P002,Portable Charger,Electronics,1,53.24,0.0,53.24,C0102,India,Email
ORD10276,2025-02-26,P009,Smartwatch,Electronics,1,78.01,0.0,78.01,C0032,Canada,Email
ORD10277,2025-03-19,P005,Running Shoes,Footwear,1,58.41,0.0,58.41,C0150,Canada,Email
ORD10278,2024-12-11,P002,Portable Charger,Electronics,1,53.47,0.0,53.47,C0060,Canada,Organic
ORD10279,2025-02-15,P010,Backpack,Accessories,1,30.48,0.0,30.48,C0144,UK,Paid Social
ORD10280,2025-03-28,P002,Portable Charger,Electronics,1,35.76,0.0,35.76,C0119,UK,Affiliate
ORD10281,2025-02-11,P002,Portable Charger,Electronics,2,50.33,0.0,100.66,C0036,India,Organic
ORD10282,2025-01-01,P005,Running Shoes,Footwear,3,49.52,0.0,148.56,C0127,India,Organic
ORD10283,2025-02-08,P004,Yoga Mat,Sports,1,45.03,0.0,45.03,C0138,USA,Affiliate
ORD10284,2025-01-30,P008,Blender,Home,1,33.77,0.0,33.77,C0095,Australia,Affiliate
ORD10285,2025-09-23,P010,Backpack,Accessories,1,32.53,0.0,32.53,C0040,Canada,Organic
ORD10286,2025-06-29,P008,Blender,Home,1,18.18,0.0,18.18,C0105,UK,Organic
ORD10287,2025-06-02,P006,T-Shirt,Apparel,1,37.98,0.0,37.98,C0056,Canada,Affiliate
ORD10288,2025-02-07,P004,Yoga Mat,Sports,1,36.41,0.0,36.41,C0093,India,Email
ORD10289,2025-01-25,P009,Smartwatch,Electronics,1,73.99,0.0,73.99,C0092,India,Affiliate
ORD10290,2025-03-20,P005,Running Shoes,Footwear,2,59.25,0.0,118.5,C0049,India,Affiliate
ORD10291,2025-10-02,P002,Portable Charger,Electronics,1,66.98,0.0,66.98,C0055,Australia,Organic
ORD10292,2025-09-21,P001,Wireless Earbuds,Electronics,1,63.93,0.0,63.93,C0086,USA,Paid Social
ORD10293,2025-04-30,P010,Backpack,Accessories,1,48.17,0.0,48.17,C0053,India,Paid Social
ORD10294,2025-08-24,P010,Backpack,Accessories,1,36.98,0.0,36.98,C0056,USA,Email
ORD10295,2025-03-30,P003,Water Bottle,Home,1,18.49,0.05,17.57,C0001,UK,Paid Social
ORD10296,2025-05-14,P003,Water Bottle,Home,1,20.16,0.1,18.14,C0139,UK,Paid Social
ORD10297,2025-04-05,P002,Portable Charger,Electronics,1,65.23,0.0,65.23,C0007,USA,Organic
ORD10298,2025-03-28,P006,T-Shirt,Apparel,1,14.26,0.0,14.26,C0061,Australia,Email
ORD10299,2024-12-25,P001,Wireless Earbuds,Electronics,1,60.38,0.0,60.38,C0045,UK,Organic
ORD10300,2025-08-03,P003,Water Bottle,Home,1,26.2,0.0,26.2,C0108,Australia,Organic
ORD10301,2025-07-22,P002,Portable Charger,Electronics,1,57.43,0.05,54.56,C0122,Canada,Email
ORD10302,2025-08-18,P009,Smartwatch,Electronics,1,43.31,0.0,43.31,C0028,Canada,Paid Social
ORD10303,2025-03-02,P010,Backpack,Accessories,1,22.74,0.1,20.47,C0012,Australia,Email
ORD10304,2025-05-01,P008,Blender,Home,1,10.36,0.05,9.84,C0008,India,Affiliate
ORD10305,2025-02-23,P007,Coffee Maker,Home,1,41.84,0.0,41.84,C0110,India,Affiliate
ORD10306,2024-11-20,P008,Blender,Home,2,20.41,0.05,38.78,C0019,India,Email
ORD10307,2025-04-12,P010,Backpack,Accessories,1,41.52,0.05,39.44,C0038,India,Paid Social
ORD10308,2024-11-09,P005,Running Shoes,Footwear,1,34.24,0.0,34.24,C0150,Australia,Email
ORD10309,2025-06-13,P007,Coffee Maker,Home,1,18.74,0.0,18.74,C0136,UK,Affiliate
ORD10310,2025-03-25,P009,Smartwatch,Electronics,2,63.96,0.0,127.92,C0111,India,Organic
ORD10311,2024-11-25,P009,Smartwatch,Electronics,1,59.74,0.0,59.74,C0056,Canada,Affiliate
ORD10312,2025-06-05,P004,Yoga Mat,Sports,2,41.73,0.0,83.46,C0106,UK,Affiliate
ORD10313,2025-10-18,P007,Coffee Maker,Home,1,36.49,0.0,36.49,C0107,India,Email
ORD10314,2024-12-08,P007,Coffee Maker,Home,1,7.6,0.1,6.84,C0081,UK,Email
ORD10315,2025-07-09,P003,Water Bottle,Home,1,12.05,0.0,12.05,C0122,India,Organic
ORD10316,2025-07-28,P002,Portable Charger,Electronics,1,71.61,0.1,64.45,C0024,Canada,Organic
ORD10317,2024-11-14,P006,T-Shirt,Apparel,1,20.77,0.0,20.77,C0034,Australia,Organic
ORD10318,2025-06-01,P010,Backpack,Accessories,1,22.17,0.0,22.17,C0144,Australia,Email
ORD10319,2025-07-22,P002,Portable Charger,Electronics,1,75.01,0.0,75.01,C0106,UK,Affiliate
ORD10320,2025-07-31,P001,Wireless Earbuds,Electronics,1,68.5,0.0,68.5,C0074,Australia,Email
ORD10321,2025-01-23,P006,T-Shirt,Apparel,1,16.78,0.0,16.78,C0027,Australia,Paid Social
ORD10322,2025-07-29,P003,Water Bottle,Home,1,45.77,0.0,45.77,C0124,USA,Organic
ORD10323,2025-08-31,P006,T-Shirt,Apparel,2,17.41,0.0,34.82,C0143,UK,Organic
ORD10324,2025-08-18,P005,Running Shoes,Footwear,1,48.04,0.0,48.04,C0147,USA,Affiliate
ORD10325,2025-03-14,P009,Smartwatch,Electronics,2,67.33,0.0,134.66,C0143,India,Email
ORD10326,2024-10-22,P001,Wireless Earbuds,Electronics,1,59.19,0.0,59.19,C0047,UK,Email
ORD10327,2024-11-22,P006,T-Shirt,Apparel,1,29.16,0.0,29.16,C0090,India,Paid Social
ORD10328,2025-04-28,P003,Water Bottle,Home,1,28.46,0.0,28.46,C0145,Canada,Organic
ORD10329,2024-12-06,P003,Water Bottle,Home,1,36.08,0.0,36.08,C0008,India,Paid Social
ORD10330,2024-11-04,P007,Coffee Maker,Home,1,14.6,0.1,13.14,C0108,Canada,Email
ORD10331,2025-04-08,P003,Water Bottle,Home,1,18.76,0.05,17.82,C0095,UK,Email
ORD10332,2025-05-26,P010,Backpack,Accessories,1,54.14,0.0,54.14,C0022,India,Paid Social
ORD10333,2025-03-25,P003,Water Bottle,Home,1,26.5,0.0,26.5,C0013,India,Email
ORD10334,2024-12-03,P008,Blender,Home,1,28.65,0.05,27.22,C0109,Canada,Affiliate
ORD10335,2024-10-24,P007,Coffee Maker,Home,1,36.06,0.0,36.06,C0070,USA,Organic
ORD10336,2025-01-25,P006,T-Shirt,Apparel,1,31.87,0.0,31.87,C0111,India,Email
ORD10337,2025-06-08,P010,Backpack,Accessories,1,38.03,0.1,34.23,C0125,Australia,Email
ORD10338,2024-11-24,P001,Wireless Earbuds,Electronics,1,52.46,0.1,47.21,C0057,Canada,Organic
ORD10339,2025-07-25,P001,Wireless Earbuds,Electronics,1,63.21,0.0,63.21,C0053,UK,Paid Social
ORD10340,2025-10-02,P003,Water Bottle,Home,1,29.22,0.05,27.76,C0066,UK,Email
ORD10341,2025-08-16,P002,Portable Charger,Electronics,1,71.89,0.0,71.89,C0002,Canada,Affiliate
ORD10342,2025-04-17,P003,Water Bottle,Home,1,12.72,0.0,12.72,C0034,Canada,Paid Social
ORD10343,2025-01-21,P009,Smartwatch,Electronics,1,58.5,0.0,58.5,C0144,UK,Organic
ORD10344,2025-01-25,P007,Coffee Maker,Home,1,26.26,0.0,26.26,C0011,Canada,Organic
ORD10345,2025-04-24,P008,Blender,Home,1,40.95,0.0,40.95,C0020,UK,Affiliate
ORD10346,2025-02-11,P010,Backpack,Accessories,1,26.53,0.0,26.53,C0104,Canada,Email
ORD10347,2025-04-27,P002,Portable Charger,Electronics,1,76.42,0.0,76.42,C0104,India,Email
ORD10348,2025-06-28,P003,Water Bottle,Home,1,35.1,0.0,35.1,C0118,UK,Organic
ORD10349,2025-03-28,P007,Coffee Maker,Home,2,13.44,0.0,26.88,C0063,Canada,Affiliate
ORD10350,2025-07-01,P009,Smartwatch,Electronics,1,82.91,0.0,82.91,C0021,Canada,Email
ORD10351,2025-09-06,P006,T-Shirt,Apparel,1,30.23,0.0,30.23,C0057,UK,Paid Social
ORD10352,2025-02-23,P002,Portable Charger,Electronics,1,84.4,0.0,84.4,C0131,India,Paid Social
ORD10353,2024-11-05,P006,T-Shirt,Apparel,1,27.59,0.0,27.59,C0090,USA,Paid Social
ORD10354,2025-07-26,P002,Portable Charger,Electronics,2,62.81,0.0,125.62,C0038,UK,Paid Social
ORD10355,2025-05-29,P003,Water Bottle,Home,2,17.46,0.0,34.92,C0040,India,Paid Social
ORD10356,2024-12-11,P008,Blender,Home,1,22.19,0.0,22.19,C0119,Australia,Affiliate
ORD10357,2024-12-15,P010,Backpack,Accessories,1,36.8,0.0,36.8,C0083,UK,Paid Social
ORD10358,2025-09-06,P008,Blender,Home,1,38.92,0.0,38.92,C0018,Canada,Affiliate
ORD10359,2025-10-13,P005,Running Shoes,Footwear,1,40.18,0.0,40.18,C0071,Australia,Organic
ORD10360,2025-04-10,P006,T-Shirt,Apparel,1,17.75,0.0,17.75,C0130,India,Email
ORD10361,2025-07-25,P008,Blender,Home,1,18.99,0.0,18.99,C0116,India,Organic
ORD10362,2025-02-09,P006,T-Shirt,Apparel,1,23.2,0.1,20.88,C0074,India,Organic
ORD10363,2025-08-02,P010,Backpack,Accessories,1,37.24,0.0,37.24,C0130,Canada,Affiliate
ORD10364,2025-09-25,P010,Backpack,Accessories,1,48.64,0.1,43.78,C0142,India,Affiliate
ORD10365,2025-03-18,P010,Backpack,Accessories,1,35.49,0.0,35.49,C0049,UK,Affiliate
ORD10366,2025-02-22,P009,Smartwatch,Electronics,1,60.41,0.0,60.41,C0039,India,Affiliate
ORD10367,2025-03-22,P002,Portable Charger,Electronics,1,47.56,0.0,47.56,C0088,India,Paid Social
ORD10368,2025-07-18,P001,Wireless Earbuds,Electronics,1,53.07,0.0,53.07,C0064,Canada,Affiliate
ORD10369,2025-01-30,P009,Smartwatch,Electronics,1,53.27,0.0,53.27,C0134,Australia,Paid Social
ORD10370,2025-08-13,P006,T-Shirt,Apparel,1,22.79,0.0,22.79,C0096,UK,Affiliate
ORD10371,2025-06-21,P007,Coffee Maker,Home,1,31.34,0.0,31.34,C0087,Australia,Organic
ORD10372,2025-04-12,P006,T-Shirt,Apparel,1,24.14,0.0,24.14,C0017,UK,Organic
ORD10373,2024-11-26,P009,Smartwatch,Electronics,1,69.64,0.0,69.64,C0099,UK,Email
ORD10374,2025-04-06,P010,Backpack,Accessories,1,57.11,0.0,57.11,C0039,UK,Organic
ORD10375,2025-06-22,P010,Backpack,Accessories,1,26.96,0.0,26.96,C0037,UK,Email
ORD10376,2024-11-13,P007,Coffee Maker,Home,1,41.39,0.0,41.39,C0034,Australia,Organic
ORD10377,2025-10-08,P005,Running Shoes,Footwear,3,55.69,0.0,167.07,C0144,Canada,Email
ORD10378,2025-08-20,P003,Water Bottle,Home,1,41.28,0.0,41.28,C0135,India,Affiliate
ORD10379,2024-10-31,P009,Smartwatch,Electronics,2,54.18,0.0,108.36,C0093,India,Email
ORD10380,2025-08-30,P005,Running Shoes,Footwear,1,39.85,0.0,39.85,C0047,USA,Email
ORD10381,2025-08-27,P008,Blender,Home,1,27.34,0.05,25.97,C0050,USA,Paid Social
ORD10382,2024-11-23,P003,Water Bottle,Home,1,9.44,0.0,9.44,C0020,UK,Organic
ORD10383,2025-04-09,P009,Smartwatch,Electronics,1,72.28,0.1,65.05,C0139,Australia,Organic
ORD10384,2024-11-07,P006,T-Shirt,Apparel,1,7.9,0.0,7.9,C0034,Australia,Affiliate
ORD10385,2025-09-04,P003,Water Bottle,Home,1,17.95,0.0,17.95,C0042,USA,Paid Social
ORD10386,2025-07-09,P008,Blender,Home,3,24.44,0.0,73.32,C0012,Canada,Email
ORD10387,2025-03-09,P004,Yoga Mat,Sports,1,31.69,0.0,31.69,C0114,Australia,Email
ORD10388,2025-03-10,P008,Blender,Home,1,10.86,0.0,10.86,C0060,Australia,Paid Social
ORD10389,2025-01-18,P005,Running Shoes,Footwear,1,60.91,0.05,57.86,C0121,USA,Email
ORD10390,2025-10-07,P010,Backpack,Accessories,1,41.09,0.0,41.09,C0113,Canada,Email
ORD10391,2025-09-05,P007,Coffee Maker,Home,1,37.13,0.0,37.13,C0129,Australia,Affiliate
ORD10392,2025-08-02,P003,Water Bottle,Home,1,26.42,0.0,26.42,C0052,Australia,Paid Social
ORD10393,2025-05-21,P005,Running Shoes,Footwear,1,51.34,0.0,51.34,C0014,Canada,Email
ORD10394,2025-09-25,P009,Smartwatch,Electronics,1,58.48,0.0,58.48,C0027,Australia,Organic
ORD10395,2024-12-08,P005,Running Shoes,Footwear,1,42.14,0.0,42.14,C0022,USA,Email
ORD10396,2025-03-20,P008,Blender,Home,2,11.69,0.0,23.38,C0132,USA,Affiliate
ORD10397,2025-04-22,P002,Portable Charger,Electronics,1,48.97,0.0,48.97,C0057,Canada,Email
ORD10398,2024-12-20,P001,Wireless Earbuds,Electronics,1,38.47,0.05,36.55,C0107,India,Affiliate
ORD10399,2025-04-26,P009,Smartwatch,Electronics,1,60.82,0.0,60.82,C0096,USA,Affiliate
ORD10400,2025-02-20,P002,Portable Charger,Electronics,2,59.01,0.05,112.12,C0096,USA,Organic
ORD10401,2025-03-17,P006,T-Shirt,Apparel,1,13.32,0.0,13.32,C0026,UK,Paid Social
ORD10402,2025-08-28,P003,Water Bottle,Home,1,34.92,0.0,34.92,C0010,UK,Affiliate
ORD10403,2024-12-15,P003,Water Bottle,Home,1,25.28,0.0,25.28,C0121,Canada,Organic
ORD10404,2025-09-25,P002,Portable Charger,Electronics,1,59.91,0.0,59.91,C0005,UK,Paid Social
ORD10405,2025-08-19,P003,Water Bottle,Home,2,24.75,0.0,49.5,C0141,Australia,Affiliate
ORD10406,2025-04-16,P002,Portable Charger,Electronics,1,68.18,0.0,68.18,C0074,USA,Email
ORD10407,2025-04-06,P002,Portable Charger,Electronics,1,49.35,0.0,49.35,C0013,USA,Affiliate
ORD10408,2025-09-09,P010,Backpack,Accessories,1,31.95,0.0,31.95,C0118,India,Organic
ORD10409,2025-07-16,P008,Blender,Home,1,25.57,0.1,23.01,C0138,India,Paid Social
ORD10410,2024-12-11,P003,Water Bottle,Home,1,30.3,0.0,30.3,C0075,Canada,Organic
ORD10411,2025-01-27,P010,Backpack,Accessories,1,25.61,0.0,25.61,C0091,USA,Affiliate
ORD10412,2025-07-09,P003,Water Bottle,Home,1,23.56,0.0,23.56,C0022,Australia,Email
ORD10413,2024-12-10,P002,Portable Charger,Electronics,1,57.87,0.0,57.87,C0135,Australia,Organic
ORD10414,2024-12-17,P007,Coffee Maker,Home,3,39.91,0.0,119.73,C0121,India,Affiliate
ORD10415,2025-02-03,P006,T-Shirt,Apparel,1,13.87,0.0,13.87,C0065,India,Email
ORD10416,2024-10-23,P002,Portable Charger,Electronics,1,56.98,0.0,56.98,C0089,USA,Organic
ORD10417,2025-01-29,P010,Backpack,Accessories,3,39.37,0.0,118.11,C0086,USA,Organic
ORD10418,2025-05-02,P006,T-Shirt,Apparel,1,31.91,0.0,31.91,C0140,UK,Paid Social
ORD10419,2025-07-07,P008,Blender,Home,1,11.33,0.0,11.33,C0123,USA,Paid Social
ORD10420,2025-10-18,P002,Portable Charger,Electronics,1,57.75,0.0,57.75,C0118,India,Email
ORD10421,2025-10-03,P004,Yoga Mat,Sports,1,24.23,0.0,24.23,C0012,USA,Organic
ORD10422,2024-12-04,P006,T-Shirt,Apparel,1,5.91,0.0,5.91,C0080,Australia,Affiliate
ORD10423,2025-10-08,P009,Smartwatch,Electronics,1,45.21,0.0,45.21,C0122,UK,Organic
ORD10424,2025-08-25,P004,Yoga Mat,Sports,1,31.83,0.1,28.65,C0074,UK,Organic
ORD10425,2025-08-22,P006,T-Shirt,Apparel,1,19.85,0.0,19.85,C0070,India,Email
ORD10426,2025-03-11,P007,Coffee Maker,Home,1,30.79,0.0,30.79,C0103,Canada,Affiliate
ORD10427,2025-07-14,P006,T-Shirt,Apparel,1,19.73,0.0,19.73,C0048,Canada,Affiliate
ORD10428,2025-02-19,P006,T-Shirt,Apparel,1,10.67,0.0,10.67,C0133,UK,Organic
ORD10429,2025-02-01,P007,Coffee Maker,Home,1,11.28,0.0,11.28,C0021,Canada,Paid Social
ORD10430,2025-03-25,P009,Smartwatch,Electronics,1,43.86,0.05,41.67,C0076,UK,Organic
ORD10431,2025-03-14,P002,Portable Charger,Electronics,3,53.31,0.0,159.93,C0084,UK,Email
ORD10432,2025-03-12,P008,Blender,Home,1,35.4,0.0,35.4,C0110,USA,Affiliate
ORD10433,2025-02-15,P006,T-Shirt,Apparel,1,41.57,0.0,41.57,C0115,India,Email
ORD10434,2025-09-02,P010,Backpack,Accessories,2,28.94,0.0,57.88,C0112,UK,Organic
ORD10435,2025-07-20,P002,Portable Charger,Electronics,1,60.32,0.0,60.32,C0104,UK,Paid Social
ORD10436,2025-01-18,P001,Wireless Earbuds,Electronics,1,52.47,0.0,52.47,C0037,Australia,Affiliate
ORD10437,2024-12-15,P001,Wireless Earbuds,Electronics,1,56.35,0.0,56.35,C0033,India,Paid Social
ORD10438,2025-09-29,P006,T-Shirt,Apparel,1,21.85,0.1,19.67,C0093,Canada,Organic
ORD10439,2025-06-04,P010,Backpack,Accessories,1,21.53,0.0,21.53,C0040,Canada,Email
ORD10440,2025-02-12,P006,T-Shirt,Apparel,1,10.28,0.0,10.28,C0114,India,Paid Social
ORD10441,2025-09-01,P009,Smartwatch,Electronics,1,71.86,0.0,71.86,C0094,Canada,Email
ORD10442,2025-07-24,P005,Running Shoes,Footwear,1,57.19,0.0,57.19,C0064,India,Organic
ORD10443,2025-02-22,P003,Water Bottle,Home,3,34.96,0.0,104.88,C0128,Australia,Affiliate
ORD10444,2025-02-24,P009,Smartwatch,Electronics,1,52.43,0.0,52.43,C0031,UK,Email
ORD10445,2024-12-15,P008,Blender,Home,1,38.28,0.0,38.28,C0055,Australia,Email
ORD10446,2025-02-17,P008,Blender,Home,1,30.56,0.0,30.56,C0052,India,Paid Social
ORD10447,2024-10-19,P002,Portable Charger,Electronics,3,53.56,0.1,144.61,C0116,USA,Affiliate
ORD10448,2025-06-14,P002,Portable Charger,Electronics,1,69.28,0.0,69.28,C0082,UK,Organic
ORD10449,2025-08-04,P009,Smartwatch,Electronics,1,65.38,0.0,65.38,C0139,UK,Email
ORD10450,2025-01-22,P003,Water Bottle,Home,1,35.73,0.05,33.94,C0045,UK,Paid Social
ORD10451,2025-02-21,P002,Portable Charger,Electronics,1,49.55,0.0,49.55,C0052,USA,Paid Social
ORD10452,2025-02-13,P008,Blender,Home,1,5.34,0.05,5.07,C0007,UK,Email
ORD10453,2024-12-05,P008,Blender,Home,1,22.79,0.05,21.65,C0142,USA,Organic
ORD10454,2025-01-15,P002,Portable Charger,Electronics,1,57.23,0.0,57.23,C0080,Canada,Affiliate
ORD10455,2025-06-12,P009,Smartwatch,Electronics,1,58.33,0.0,58.33,C0106,Canada,Organic
ORD10456,2025-07-17,P003,Water Bottle,Home,1,27.83,0.0,27.83,C0082,India,Affiliate
ORD10457,2025-04-25,P008,Blender,Home,1,31.63,0.0,31.63,C0133,UK,Paid Social
ORD10458,2025-04-28,P009,Smartwatch,Electronics,1,71.73,0.1,64.56,C0047,USA,Affiliate
ORD10459,2024-12-26,P009,Smartwatch,Electronics,2,64.0,0.0,128.0,C0015,India,Paid Social
ORD10460,2025-07-23,P005,Running Shoes,Footwear,1,43.49,0.0,43.49,C0043,USA,Email
ORD10461,2025-10-02,P004,Yoga Mat,Sports,1,33.09,0.0,33.09,C0089,Australia,Email
ORD10462,2025-06-22,P002,Portable Charger,Electronics,1,77.02,0.0,77.02,C0065,USA,Email
ORD10463,2025-01-02,P003,Water Bottle,Home,1,32.53,0.0,32.53,C0078,Australia,Organic
ORD10464,2025-03-21,P009,Smartwatch,Electronics,1,63.81,0.0,63.81,C0044,Australia,Paid Social
ORD10465,2025-03-11,P003,Water Bottle,Home,1,22.91,0.0,22.91,C0087,Australia,Organic
ORD10466,2025-01-12,P001,Wireless Earbuds,Electronics,1,51.49,0.0,51.49,C0021,India,Email
ORD10467,2025-04-21,P004,Yoga Mat,Sports,1,18.04,0.0,18.04,C0147,Canada,Organic
ORD10468,2025-07-30,P008,Blender,Home,1,29.45,0.0,29.45,C0140,UK,Email
ORD10469,2025-05-26,P008,Blender,Home,1,17.15,0.1,15.43,C0063,Canada,Email
ORD10470,2024-12-26,P008,Blender,Home,1,31.48,0.0,31.48,C0019,India,Paid Social
ORD10471,2024-12-04,P008,Blender,Home,1,32.22,0.1,29.0,C0107,Canada,Affiliate
ORD10472,2025-01-20,P004,Yoga Mat,Sports,1,26.27,0.0,26.27,C0088,Australia,Paid Social
ORD10473,2025-06-13,P006,T-Shirt,Apparel,1,22.25,0.0,22.25,C0082,UK,Affiliate
ORD10474,2025-05-10,P003,Water Bottle,Home,1,34.33,0.0,34.33,C0095,Australia,Organic
ORD10475,2025-05-24,P006,T-Shirt,Apparel,1,7.42,0.0,7.42,C0032,UK,Affiliate
ORD10476,2025-09-24,P004,Yoga Mat,Sports,1,42.63,0.0,42.63,C0037,India,Organic
ORD10477,2024-11-26,P005,Running Shoes,Footwear,1,44.36,0.0,44.36,C0099,Australia,Affiliate
ORD10478,2025-01-26,P004,Yoga Mat,Sports,1,31.85,0.0,31.85,C0041,UK,Email
ORD10479,2025-08-03,P004,Yoga Mat,Sports,1,40.24,0.0,40.24,C0041,Canada,Affiliate
ORD10480,2025-06-29,P008,Blender,Home,1,30.93,0.0,30.93,C0079,Canada,Organic
ORD10481,2025-05-28,P002,Portable Charger,Electronics,1,58.3,0.0,58.3,C0101,Australia,Affiliate
ORD10482,2025-10-10,P004,Yoga Mat,Sports,1,25.47,0.0,25.47,C0056,Australia,Email
ORD10483,2024-11-10,P001,Wireless Earbuds,Electronics,1,48.58,0.0,48.58,C0013,UK,Affiliate
ORD10484,2025-06-25,P010,Backpack,Accessories,1,33.06,0.0,33.06,C0121,UK,Organic
ORD10485,2024-10-28,P002,Portable Charger,Electronics,1,75.13,0.1,67.62,C0111,USA,Email
ORD10486,2025-06-21,P006,T-Shirt,Apparel,2,26.31,0.0,52.62,C0104,UK,Organic
ORD10487,2025-09-08,P007,Coffee Maker,Home,1,37.21,0.0,37.21,C0014,Australia,Paid Social
ORD10488,2025-01-26,P006,T-Shirt,Apparel,1,25.82,0.0,25.82,C0142,UK,Organic
ORD10489,2025-08-04,P007,Coffee Maker,Home,1,43.85,0.0,43.85,C0130,Canada,Email
ORD10490,2025-04-16,P010,Backpack,Accessories,1,50.43,0.0,50.43,C0031,USA,Organic
ORD10491,2025-05-29,P007,Coffee Maker,Home,1,26.41,0.0,26.41,C0096,UK,Email
ORD10492,2025-06-25,P003,Water Bottle,Home,2,7.32,0.0,14.64,C0051,Australia,Affiliate
ORD10493,2025-03-14,P009,Smartwatch,Electronics,1,65.14,0.0,65.14,C0011,India,Organic
ORD10494,2025-01-22,P003,Water Bottle,Home,1,19.67,0.0,19.67,C0086,Canada,Affiliate
ORD10495,2025-07-02,P003,Water Bottle,Home,1,24.72,0.0,24.72,C0132,USA,Email
ORD10496,2025-09-08,P010,Backpack,Accessories,1,52.72,0.0,52.72,C0082,USA,Affiliate
ORD10497,2024-10-22,P010,Backpack,Accessories,1,25.02,0.0,25.02,C0077,Australia,Email
ORD10498,2024-11-03,P009,Smartwatch,Electronics,1,63.02,0.1,56.72,C0131,Australia,Affiliate
ORD10499,2025-07-25,P010,Backpack,Accessories,1,34.0,0.0,34.0,C0077,Canada,Organic
ORD10500,2025-09-19,P006,T-Shirt,Apparel,1,17.96,0.05,17.06,C0085,India,Affiliate
